{"cameraMode":{"drawMode":0,"name":"Shaded","section":"Shading Mode"},"sceneLighting":false,"audioPlay":false,"sceneViewState":{"m_AlwaysRefresh":false,"showFog":true,"showSkybox":false,"showFlares":true,"showImageEffects":true,"showParticleSystems":true,"showVisualEffectGraphs":true,"m_FxEnabled":true},"in2DMode":false,"pivot":{"x":-0.9679126739501953,"y":0.48947811126708987,"z":-5.869999885559082},"rotation":{"x":-0.07131559401750565,"y":-0.1602921187877655,"z":0.011588671244680882,"w":-0.9844598770141602},"size":12.12435531616211,"orthographic":false}